

INSERT INTO visit VALUES (2003001, '2020-03-18', "Coughing, difficulty breathing");

INSERT INTO visit VALUES (2003002, '2020-03-21', "Coughing, difficulty breathing");

INSERT INTO visit VALUES (2003003, '2020-03-21', "Fever, nausea"),
(2003004, '2020-03-22', "Chills, coughing"), (2003005, '2020-03-22', "Shortness of breath"), 
(2003006, '2020-03-22', "Fever, nausea"), (2003007, '2020-03-23', "Muscle aches, nausea"), (2003008, '2020-03-22', "Fever, nausea"), 
(2003009, '2020-03-23', "Coughing, congestion"), (2003010, '2020-03-23', "Fatigue, body aches"), 
(2003011, '2020-03-23', "Sore throat, chill"), (2003012, '2020-03-23', "Runny nose, nausea"), 
(2003013, '2020-03-24', "Coughing, sore throat"), (2003014, '2020-03-24', "Vomiting, Diarrhea"), 


(2003015, '2020-03-24', "Fever, nausea"), (2003016, '2020-03-24', "Muscle aches, nausea"), 
(2003017, '2020-03-25', "Coughing, congestion"), (2003018, '2020-03-25', "Fatigue, body aches"), 
(2003019, '2020-03-25', "Sore throat, chill"), (2003020, '2020-03-26', "Runny nose, nausea"), 
(2003023, '2020-03-27', "Coughing, sore throat"),


(2003024, '2020-03-27', "Coughing, congestion"), (2003025, '2020-03-27', "Fatigue, body aches"), 
(2003026, '2020-03-27', "Sore throat, chill"), (2003027, '2020-03-27', "Runny nose, nausea"), 
(2003028, '2020-03-28', "Coughing, sore throat"), (2003029, '2020-03-29', "Vomiting, Diarrhea"), 
(2003030, '2020-03-29', "Fever, nausea"), (2003031, '2020-03-29', "Muscle aches, nausea"), 
(2003032, '2020-03-30', "Coughing, congestion"), (2003033, '2020-03-31', "Fatigue, body aches"), 
(2003034, '2020-03-31', "Sore throat, chill"), (2003035, '2020-03-31', "Runny nose, nausea");


/*April*/

INSERT INTO visit VALUES (2004001, '2020-04-01', "Loss of tate, nausea"),
(2004002, '2020-04-01', "Fever, nausea"), (2004003, '2020-04-01', "Muscle aches, nausea"), 
(2004004, '2020-04-01', "Coughing, congestion"), (2004005, '2020-04-02', "Fatigue, body aches"), 
(2004006, '2020-04-06', "Sore throat, chill"), (2004007, '2020-04-06', "Runny nose, nausea"), 
(2004008, '2020-04-07', "Coughing, sore throat"),


(2004009, '2020-04-07', "Coughing, congestion"), (2004010, '2020-04-08', "Fatigue, body aches"), 
(2004011, '2020-04-09', "Sore throat, chill"), (2004012, '2020-04-09', "Runny nose, nausea"), 
(2004013, '2020-04-11', "Coughing, sore throat"), (2004014, '2020-04-11', "Vomiting, Diarrhea"), 
(2004015, '2020-04-12', "Fever, nausea"), (2004016, '2020-04-13', "Muscle aches, nausea"), 
(2004017, '2020-04-13', "Coughing, congestion"), (2004018, '2020-04-15', "Fatigue, body aches"), 
(2004019, '2020-04-18', "Sore throat, chill"), (2004020, '2020-04-30', "Runny nose, nausea");

/*May*/

INSERT INTO visit VALUES (2005001, '2020-05-01', "Loss of taste, nausea"),
(2005002, '2020-05-01', "Fever, coughing"), (2005003, '2020-05-01', "Muscle aches, nausea"), 
(2005004, '2020-05-01', "Loss of smell, congestion"), (2005005, '2020-05-02', "Fatigue, body aches"), 
(2005006, '2020-05-06', "Sore throat, chill"), (2005007, '2020-05-06', "Runny nose, coughing"), 
(2005008, '2020-05-07', "Loss of smell, sore throat"),


(2005009, '2020-05-07', "Loss of taste, congestion"), (2005010, '2020-05-08', "Fatigue, body aches"), 
(2005011, '2020-05-09', "Sore throat, fever"), (2005012, '2020-05-09', "Runny nose, nausea"), 
(2005013, '2020-05-11', "Chill, sore throat"), (2005014, '2020-05-11', "Vomiting, Diarrhea"), 
(2005015, '2020-05-12', "Fever, nausea"), (2005016, '2020-05-13', "Muscle aches, nausea"), 
(2005017, '2020-05-13', "Loss of smell, congestion"), (2005018, '2020-05-15', "Fatigue, body aches"), 
(2005019, '2020-05-18', "headache, chill"), (2005020, '2020-05-30', "Runny nose, nausea");


/*June*/

INSERT INTO visit VALUES (2006001, '2020-06-01', "Loss of taste, nausea"),
(2006002, '2020-06-01', "Fever, coughing"), (2006003, '2020-06-01', "Body aches, nausea"), 
(2006004, '2020-06-01', "Loss of smell, congestion"), (2006005, '2020-06-02', "Fatigue, body aches"), 
(2006006, '2020-06-06', "Sore throat, chill"), (2006007, '2020-06-06', "Runny nose, coughing"), 
(2006008, '2020-06-07', "Loss of smell, sore throat"),


(2006009, '2020-06-07', "Loss of taste, congestion"), (2006010, '2020-06-08', "Fatigue, body aches"), 
(2006011, '2020-06-09', "Sore throat, fever"), (2006012, '2020-06-09', "Runny nose, nausea"), 
(2006013, '2020-06-11', "Chill, sore throat"), (2006014, '2020-06-11', "Vomiting, Diarrhea"), 
(2006015, '2020-06-12', "Fever, nausea"), (2006016, '2020-06-13', "Muscle aches, nausea"), 
(2006017, '2020-06-13', "Loss of smell, congestion"), (2006018, '2020-06-15', "Fatigue, body aches"), 
(2006019, '2020-06-18', "headache, chill"), (2006020, '2020-06-30', "Runny nose, nausea");




/*Insert into Patient*/
/*Insert SSN*/
/*
INSERT INTO Patient (SSN) VALUES (555326718),(555012723),(555604572),(555483623),(555355497),(555192011),(555174145),(555189234),(555707589),
(555537051),(555460669),(555413274),(555090733),(555567837),(555481705),(555708718),(555019369),(555325096),(555080939),
(555603790),(555134956),(555225179),(555767576),(555120159),(555125682),(555175817),(555285755),(555930647),(555262130),(555824629),(555503504),(555590014),(555086387),(555566460),(555342460),(555761831),(555050526),(555828416),(555143197),(555745320),(555051064),(555013050),(555577832)
,(555802966),(555146255),(555157436),(555924678),(555788091),(555302547),(555295756);*/

INSERT INTO Patient VALUES (555326718, 'Abbott', 'Merissa', 'F', '1980-09-27', 	'10 SE. Rockland Ave.',	'352-668-5866');

INSERT INTO Patient VALUES (555012723,	 'Winters',	 'Carolynn',	 'F',	'1963-06-25',	 '429 S. Cherry Street',	'657-229-3756');

INSERT INTO Patient VALUES(555604572,	 'Hartman',	 ' Nanci',	 'F',	'1970-03-09'	, '573 Bishop Ave.',	'517-629-4446'
), (555483623,	 'Gallagher',	 ' Laurene',	 'F',	'1981-05-14',	 '7 Locust Lane',	'251-235-4675'
), (555355497,	 'Bender'	 ,'Arthur',	 'M',	'1980-12-18',	 '82 Garfield Street',	'320-290-4819'
), (555192011,	 'Brady'	 ,'Sacha'	, 'M',	'1968-09-11',	 '7553 Ryan St.',	'256-564-5600'
), (555174145,	 'Hebert'	 ,'Margeret',	 'F',	'1975-06-17',	 '4 Green Lake St.',	'310-942-5536'
), (555189234,	 'Benton'	 ,'Clifton'	 ,'M',	'1961-07-08',	 '185 Edgefield Street',	'651-413-4139'
),(555707589,	 'Harvey'	 ,'Calvin'	 ,'M',	'1941-09-29',	 '38 Proctor Street',	'515-234-8327'
), (555537051,	 'Rios',	  'Meagan',	 'F',	'1968-09-10',	 '418 Ramblewood St.',	'619-412-2474'
);

INSERT INTO Patient VALUES (555460669,	 'Jackson',	 'Agueda',	 'F',	'1972-05-14',	 '176 Rockland Ave.',	'306-469-5924'),
(555413274,	 'Kim',	 'Annita',	 'M',	'1959-11-12',	 '7236 Homewood Rd.',	'856-702-2133'),
(555090733,	 'Boyle',	 'Lorilee',	 'F',	'1953-07-24',	 '73 Littleton Street',	'747-500-3045'),
(555567837,	 'Yates',	 'Pamila',	 'M',	'1978-03-26',	 '213 Union Lane',	'207-652-2954'),
(555481705,	 'Faulkner',	 'Forrest',	 'M',	'1940-09-24',	 '8135 Grand Dr.',	'304-595-9189'),
(555708718,	 'Elliott'	, 'Aimee',	 'F',	'1968-02-18',	 '9307 Vale Lane',	'623-688-6159'),
(555019369,	 'Cervantes',	 'Joane',	 'F',	'1982-12-07',	 '159 Evergreen St.',	'417-413-6851'),
(555325096,	 'Haney'	 ,'Erna',	 'F',	'1984-07-14',	 '37 Beacon Lane',	'681-434-1586'),
(555080939,	 'Ball',	 'Carmine',	 'M',	'1986-06-06',	 '7126 Carpenter Ave.',	'208-704-1124'),
(555603790,	 'Frye'	, 'Stephane',	 'F',	'1978-12-29',	 '21 Dunbar Lane',	'425-3383-934'),
(555134956,	 'Whitehead',	 'Corine',	 'M',	'1975-12-13',	 '235 Bear Hill Drive',	'503-685-5054'),
(555225179,	 'Patrick'	 ,'Adriane',	 'M',	'1945-08-22',	 '7842 E. Oakwood Avenue',	'617-574-1520'),
(555767576,	 'Bartlett'	, 'Talitha',	 'F',	'1989-08-17',	 '9263 Trout St.',	'769-201-3440'),
(555120159,	 'Dunlap'	, 'Bebe',	 'F',	'1984-11-14',	 '80 NW. Halifax Drive',	'307-299-2870'),
(555125682,	 'Vaughan'	, 'Verda',	 'F',	'1978-07-05',	 '889 W. Race Court',	'289-260-7012'),
(555175817,	 'Mayo'	, 'Mariella',	 'F',	'1968-11-25',	 '7545 Big Rock Cove Drive',	'314-722-3818'),
(555285755,	 'Owen'	 ,'Yang',	 'M',	'1943-08-24',	 '73 Harvey Ave.',	'415-712-1733'),
(555930647,	 'Schroeder',	 'Lisbeth',	 'F',	'1947-06-03',	 '881 Myrtle St.',	'573-208-6247'),
(555262130,	 'Bradley'	 ,'Michell',	 'F',	'1998-02-13',	 '7 Honey Creek St.',	'559-782-6248'),
(555824629,	 'Booth',	 'Jackie',	 'M',	'1965-12-22',	 '65 Mayflower St.',	'410-234-7791'),
(555503504,	 'Larsen',	 'Michale',	 'M',	'1943-05-17',	 '72 Summerhouse Street',	'229-939-2346'),
(555590014,	 'Morgan',	 'Chas',	 'M',	'1945-12-15',	 '21 Yukon Street',	'253-565-4322'),
(555086387,	 'Casey',	 'Catharine',	 'F',	'1973-08-01',	 '3 South Chapel Ave.',	'239-257-5314'),
(555566460,	 'Diaz'	 ,'Bell',	 'M',	'1949-01-21',	 '24 Crescent Court',	'360-723-8210'),
(555342460,	 'Warren',	 'Sun',	 'M',	'1974-02-17',	 '927 Dogwood Dr.',	'352-630-6216'),
(555761831,	 'Holloway',	 'Oren',	 'M',	'1977-12-29',	 '46 Stonybrook Drive',	'509-569-9250'),
(555050526,	 'Garza'	, 'Mariano',	 'M',	'1977-07-24',	 '637 W. Bishop St.',	'207-935-4279'),
(555828416,	 'Baldwin',	 'Chan',	 'M',	'1942-10-29',	 '20 North Virginia Rd.',	'812-508-9752'),
(555143197,	 'Gonzales',	 'Rivka',	 'F',	'1952-08-14',	 '760 Mill Pond Street',	'540-842-2833'),
(555745320,	 'Turner'	, 'Hiedi',	 'F',	'1953-08-15',	 '45 Vermont Street',	'270-920-8469'),
(555051064,	 'Conley'	 ,'Marth',	 'F',	'1983-10-15',	 '8126 Smith Store Street',	'670-285-4953'),
(555013050,	 'Parrish'	 ,'Hilario',	 'M',	'1974-01-06',	 '72 Military Ave.',	'253-327-3885'),
(555577832,	 'Cox',	 'Regena',	 'M',	'1961-12-21',	 '432 County St.',	'470-293-8454'),
(555802966,	 'Townsend',	 'Patrick',	 'M',	'1982-09-27',	 '732 Ivy Court',	'715-878-2524'),
(555146255,	 'Mcknight'	, 'Jacquie',	 'F',	'1989-05-04',	 '8925 South Second Street',	'407-276-3959'),
(555157436,	 'Melendez'	 ,'Jettie',	 'M',	'1969-10-29',	 '719 Atlantic Dr.',	'737-888-5618'),
(555924678,	 'Orr'	 ,'Kathie',	 'F',	'1951-01-13',	 '146 Lilac Dr.',	'430-966-1610'),
(555788091,	 'Mccall',	 'Micheline',	 'F',	'1953-09-13',	 '425 Old Fulton Rd.',	'682-351-6359'),
(555302547,	 'Golden',	 'Zita',	 'F',	'1977-05-08',	 '30 Sugar St.',	'501-553-3238'),
(555295756,	 'Mills',	 'Flor',	 'M',	'1974-08-19',	 '228 Aspen Drive',	'404-426-9165');

?

/*doctor table*/

INSERT INTO Doctor VALUES (513, 'Miles', 'Adam', 'M', 213, '337-555-1234'), (525, 'Lee', 'Haley', 'F', 221, '337-555-1235'), 
(528, 'Landry', 'Thomas', 'M', 225, '337-555-1236'), (613, 'Miller', 'Danniel', 'M', 201, '337-555-1237'), (403, 'Russel', 'Megan', 'F', 230, '337-555-1238'),
(550, 'Smith', 'Emma', 'F', 228, '337-555-1239'), (405, 'Tran', 'Sam', 'M', 212, '337-555-1240'), (507, 'Smith', 'Kyle', 'M', 226, '337-555-1241'),
(409, 'Guildry', 'Kathrine', 'F', 218, '337-555-1242'), (415, 'Johnson', 'Philip', 'M', 211, '337-555-1243');


/*Nurse Table*/
INSERT INTO Nurse VALUES (600, 'Willams', 'James', 'M', 233, '337-555-1261'), (601, 'Brown', 'Holly', 'F', 233, '337-555-1261'), 
(602, 'Jones', 'Mia', 'F', 233, '337-555-1261'), (603, 'Davis', 'Ava', 'F', 234, '337-555-1262'), (604, 'Lopez', 'Zoe', 'F', 234, '337-555-1262'),
(605, 'Wilson', 'Stella', 'F', 234, '337-555-1262'), (606, 'Taylor', 'John', 'M', 234, '337-555-1262'), (607, 'Jackson', 'Tray', 'M', 235, '337-555-1263'),
(608, 'Perez', 'Ellie', 'F', 235, '337-555-1263'), (609, 'White', 'Natalie', 'F', 235, '337-555-1263');


/*Diagnosis*/

INSERT INTO Diagnosis VALUES ('Flu', 'N', '14 days', DEFAULT, '7 days', 555326718, 513, 600),
('Common cold', 'N', '7 days', DEFAULT, '2 days', 555012723, 513, 601), 
('Common cold', 'N', '14 days', DEFAULT, '7 days', 555604572, 513, 602),
('pneumonia', 'Y', '14 days', '501','3 days', 555483623, 525, 603), 
('respiratory infection', 'N', '10 days', DEFAULT, '5 days', 555355497, 525, 604), 
('Covid Infection', 'N', '30 days', DEFAULT, '14 days', 555192011, 528, 605),
 ('flu', 'N', '14 days', DEFAULT, '7 days', 555537051, 528, 606), 
 ('Covid Infection', 'Y', '30 days', '502', '7 days', 555460669, 613, 607), 
 ('pneumonia', 'N', '20 days', DEFAULT, '5 days',555413274,613, 608);




/*Registers*/

INSERT INTO Registers VALUES (555012723, 2003001),(555604572, 2003003),(555483623, 2003004),(555355497, 2003008),
(555192011, 2003009),(555174145, 2003010),(555189234, 2003011),(555707589, 2003012),
(555537051, 2003002),(555460669, 2003005),(555413274, 2003006),(555090733, 2003013),
(555567837, 2003014),(555481705, 2003015),(555708718, 2003016),(555019369, 2003017),
(555325096, 2003018),(555080939, 2003019),
(555603790, 2003020),(555767576, 2003023),(555120159, 2003024),(555125682, 2003025);


/*lab*/

INSERT INTO Lab VALUES (1, 'rapid', '2 hours'),  (2, 'rapid', '1 day'),  (3, 'standard', '3 days');


/*test*/


INSERT INTO Tests VALUES (1, '2020-03-25', 'positive', 555326718, 1), (1, '2020-03-25', 'negative',555012723, 1),
(2, '2020-3-26', 'negative', 555604572, 2), (1, '2020-3-27', 'negative', 555483623, 2),
(3, '2020-3-27', 'negative', 555355497, 3),
(1, '2020-03-27', 'positive',555192011, 3),
(2, '2020-03-27', 'negative',555174145, 1),
(1, '2020-03-28', 'negative', 555189234, 1),
(4, '2020-03-28', 'positive', 555707589, 2),
(2, '2020-03-30', 'positive', 555537051, 2);



/*appoointed*/


INSERT INTO Appointed VALUES (513, 2003001), (513, 2003005), (513, 2003006), 
(525, 2003002), (525, 2003007), (525, 2003008), (528, 2003003), (528, 2003004),
(613, 2003005), (613, 2003006);




/*Medical Supply*/

INSERT INTO Medical_supply VALUES ('Latex gloves', 'PPE', 20000, 1),
('Latex gloves', 'PPE', 18000, 2), ('Latex gloves', 'PPE', 25000, 3),
('Covid Rapid test kit', 'Test', 1200, 1), ('Covid Rapid test kit', 'Test', 800, 2), ('Covid Rapid test kit', 'Test', 400, 3), 
('N95 mask', 'PPE', 1450, 1), ('N95 mask', 'PPE', 2100, 2), ('N95 mask', 'PPE', 960, 3),
('Swabs and VTM', 'Test', 30000, 1), ('Swabs and VTM', 'Test', 17000, 2), ('Swabs and VTM', 'Test', 8000, 3), 
('Isolation gown', 'PPE', 600, 1), ('Isolation gown', 'PPE', 500, 2), ('Isolation gown', 'PPE', 500, 3),
('Covid standrd test kit', 'Test', 15000, 1), ('Covid standrd test kit', 'Test', 12000, 2), ('Covid standrd test kit', 'Test', 9000, 3), 
('Ventilator', 'Treatment', 2, 1), ('Ventilator', 'Treatment', 2, 2),('Ventilator', 'Treatment', 2, 3);


/* To view each table*/
/*
SELECT * FROM visit;
SELECT * FROM doctor;
SELECT * FROM nurse;
SELECT * FROM appointed;
SELECT * FROM diagnosis;
SELECT * FROM lab;
SELECT * FROM medical_supply;
SELECT * FROM registers;
SELECT * FROM tests;
SELECT * FROM patient;
*/
